{"artefacts":[{"actions":[{"type":"info"}],"file":"17486878_dentrino-2097_12.1.33.url","description":"documentation shortcut"},{"actions":[{"type":"info"}],"file":"17486878_dentrino-2097_12.1.33_contents.txt","description":"list of sources"},{"db_type":"top","description":"update patch","localization":["all"],"actions":[{"mandatory":true,"type":"apply_patch"}],"language":"multi","file":"garantia_estendida_17486878_dentrino-2097_12.1.33_tttm120_hp.ptm","patch_type":"harpia","version":"12.1.033"},{"description":"patch structure file","localization":["all"],"actions":[{"mandatory":true,"path":"rootpath","overwrite":true,"adictional_path":"","type":"copy"}],"language":"multi","file":"leiame.txt"}],"metainfo":{"ticket":"17486878","id":"734801","name":"dentrino-2097","product":"protheus","type":"bug-fix","version":"12.1.033"}}